create table employees (
id serial primary key,
employee_name varchar(50) not null
);

insert into employees(employee_name)
values ('Karen Santiago'), 
('Reggie Batey'), 
('Clara Poore'), 
('Tammy Galindo'), 
('Rickey Jones'), 
('Jill Anspach'), 
('Lacy Racicot'), 
('David Macias'), 
('Jessica Manns'), 
('Amber Holcomb'), 
('Betty Wells'), 
('Miguel Fletcher'), 
('Joseph Hodges'), 
('Ida Bohannon'), 
('Cindy Merrifield'), 
('Mary Dowell'), 
('Marie Thomas'), 
('Donald Fierro'), 
('Anna Wick'), 
('Robert Harian'), 
('Michael Mark'), 
('Lucius Patterson'), 
('Lorna Rose'),  
('Peggy Beachler'), 
('Chester Baird'), 
('Ronda Colley'), 
('Robert Chapman'), 
('Sandra Hibbard'), 
('Steven Pagano'), 
('Ramona Russell'), 
('Ryan Morgan'), 
('Shannon Daugherty'), 
('Charlene Little'), 
('Steve Lewandowski'), 
('Donnie Shoemaker'), 
('Veronica Treto'), 
('Jonathon Belanger'), 
('William Hughes'), 
('Courtney Alston'), 
('Isaac Walters'), 
('Leon Ashcraft'), 
('Daniel Patterson'), 
('Randall Phillips'), 
('James Williams'), 
('Nancy Searles'), 
('Edward Hilliard'), 
('Joel Vandevelde'), 
('Nancy Bravo'), 
('Jesse Clark'), 
('Gregory Magelssen'), 
('Ella Cortez'), 
('Michael Diaz'), 
('Robert Walsh'), 
('Valorie Seibert'), 
('Yoshiko Miller'), 
('Timothy Johnson'), 
('Lita Webb'), 
('Lee Rehart'), 
('Fred Spencer'), 
('Melinda Webster'), 
('Shawn Pretti'), 
('Betty Schaefer'), 
('Barbara Teets'),  
('Lindsay Barrera'), 
('Mattie Kelley'), 
('Mary Yates'), 
('Andrea Croes'),
('Patricia Tomas'),
('Jacqulyn Matthews'), 
('Amanda Riley');

create table salary (
id serial primary key,
monthly_salary int not null
);

insert into salary(monthly_salary)
values (1000),
       (1100),
       (1200),
       (1300),
       (1400),
       (1500),
       (1600),
       (1700),
       (1800),
       (1900),
       (2000),
       (2100),
       (2200), 
       (2300),
       (2400),
       (2500);

create table employee_salary (
id serial primary key, 
employee_id int unique not null,
salary_id int not null
);

insert into employee_salary(employee_id, salary_id)
values (3, 7), 
       (1, 4),
       (5, 9),
       (45, 13),
       (23, 4),
       (11, 2),
       (94, 10),
       (15, 13),
       (26, 4),
       (16, 1),
       (33, 7),
       (32, 8),
       (2, 11), 
       (71, 3),
       (43, 8),
       (4, 1),
       (12, 9),
       (84, 10),
       (62, 3),
       (6, 7),
       (25, 15),
       (92, 1),
       (20, 2), 
       (74, 14),
       (7, 6),
       (8, 3),
       (87, 8),
       (21, 14),
       (83, 13),
       (73, 7),
       (14, 11),
       (22, 8),
       (86, 2),
       (42, 14),
       (56, 1),
       (59, 15),
       (88, 11),
       (65, 16),
       (13, 4),
       (40, 5),
       (52, 3);

create table roles (
id serial primary key,
role_name int unique not null 
);    

alter table roles alter column role_name type varchar(30) 
using (role_name::varchar(30));
      
insert into roles (role_name)
values ('Junior Python developer'),
       ('Middle Python developer'),
       ('Senior Python developer'),
       ('Junior Java developer'),
       ('Middle Java developer'),
       ('Senior Java developer'),
       ('Junior JavaScript developer'),
       ('Middle JavaScript developer'),
       ('Senior JavaScript developer'),
       ('Junior Manual QA engineer'),
       ('Middle Manual QA engineer'),
       ('Senior Manual QA engineer'),
       ('Project Manager'),
       ('Designer'),
       ('HR'),
       ('CEO'),
       ('Sales manager'),
       ('Junior Automation QA engineer'),
       ('Middle Automation QA engineer'),
       ('Senior Automation QA engineer');

create table roles_employee (
id serial  primary key,
employee_id int unique not null,
role_id int not null,
foreign key (employee_id)
  references employees(id),
foreign key (role_id)
  references roles(id)
);


insert into roles_employee (employee_id, role_id)
values (1, 7), 
       (5, 20),
       (3, 9),
       (45, 13),
       (23, 4),
       (11, 2),
       (9, 10),
       (15, 13),
       (26, 4),
       (16, 1),
       (33, 7),
       (32, 8),
       (2, 11), 
       (19, 3),
       (43, 18),
       (4, 1),
       (12, 9),
       (18, 19),
       (62, 3),
       (6, 7),
       (25, 17),
       (52, 1),
       (20, 2), 
       (34, 14),
       (7, 19),
       (21, 3),
       (30, 18),
       (8, 14),
       (29, 13),
       (31, 7),
       (22, 11),
       (14, 8),
       (28, 2),
       (42, 20),
       (24, 1),
       (59, 17),
       (56, 11),
       (65, 16),
       (40, 4),
       (53, 5),
       (13, 18);
       
select * from roles_employee;